datetime,open,high,low,close,volume
1528416000000.0,8.335,8.642000000000001,8.01,8.28,1158418.9579999999
1528502400000.0,8.277000000000001,8.501,8.02,8.03,2017942.632
1528588800000.0,8.024,8.024,6.401,6.86,3664477.215
1528675200000.0,6.858,7.08,6.22,7.01,2709980.6939999997
1528761600000.0,7.007999999999999,7.011,6.11,6.2860000000000005,2719937.4680000003
1528848000000.0,6.2860000000000005,6.3839999999999995,5.45,5.932,2846137.856
1528934400000.0,5.933,6.468999999999999,5.765,6.321000000000001,3453989.018
1529020800000.0,6.316,6.353,5.9,5.9510000000000005,2204747.277
1529107200000.0,5.952000000000001,6.175,5.803,6.095,2185717.184
1529193600000.0,6.099,6.329,6.03,6.149,2395343.991
1529280000000.0,6.149,6.8420000000000005,6.022,6.683,3141273.222
1529366400000.0,6.684,6.85,6.452000000000001,6.755,2952556.012
1529452800000.0,6.7589999999999995,6.77,6.343,6.61,2792830.242
1529539200000.0,6.603,6.699,6.21,6.3629999999999995,2344022.653
1529625600000.0,6.364,6.367000000000001,5.172999999999999,5.308,3338273.432
1529712000000.0,5.308,5.478,4.9,5.099,2609662.462
1529798400000.0,5.1,5.7010000000000005,4.126,5.08,6212603.9520000005
1529884800000.0,5.083,5.864,4.8,5.6,5560691.717
1529971200000.0,5.608,5.739,5.012,5.044,2948005.99
1530057600000.0,5.04,5.517,4.988,5.417000000000001,3290172.953
1530144000000.0,5.417000000000001,5.496,4.54,4.793,4408473.655
1530230400000.0,4.774,5.307,4.6610000000000005,5.167000000000001,4291786.633
1530316800000.0,5.162999999999999,5.68,5.0680000000000005,5.29,4426841.407
1530403200000.0,5.295,5.35,4.91,5.092,2968997.837
1530489600000.0,5.098,5.647,4.85,5.331,3856591.564
1530576000000.0,5.331,5.49,4.912,4.995,3838563.591
1530662400000.0,4.996,5.22,4.919,5.015,2212902.016
1530748800000.0,5.023,5.185,4.69,4.905,2509234.512
1530835200000.0,4.906000000000001,4.919,4.39,4.618,2483220.265
1530921600000.0,4.612,4.65,4.27,4.637,1898164.7030000002
1531008000000.0,4.631,4.709,4.454,4.53,2598090.544
1531094400000.0,4.526,4.53,4.011,4.073,3549044.814
1531180800000.0,4.073,4.169,3.552,3.563,3875568.001
1531267200000.0,3.563,3.7939999999999996,3.3080000000000003,3.532,4114552.591
1531353600000.0,3.532,3.532,3.14,3.333,3444023.126
1531440000000.0,3.338,3.6919999999999997,3.28,3.366,3866699.6610000003
1531526400000.0,3.366,3.495,3.21,3.372,2667030.097
1531612800000.0,3.3739999999999997,3.5610000000000004,3.306,3.443,2678345.777
1531699200000.0,3.444,3.8,3.38,3.728,3421041.211
1531785600000.0,3.721,3.99,3.525,3.872,4158246.269
1531872000000.0,3.863,4.074,3.6439999999999997,3.728,3662005.9189999998
1531958400000.0,3.72,3.86,3.46,3.5389999999999997,2435880.804
1532044800000.0,3.5389999999999997,3.614,3.2560000000000002,3.32,1762620.504
1532131200000.0,3.319,3.54,3.2,3.429,815068.151
1532217600000.0,3.429,3.498,3.1910000000000003,3.2430000000000003,1132855.326
1532304000000.0,3.2430000000000003,3.36,3.07,3.108,1231694.596
1532390400000.0,3.108,3.339,2.92,3.217,1670741.842
1532476800000.0,3.217,3.6439999999999997,3.167,3.4960000000000004,2500710.395
1532563200000.0,3.49,3.617,3.168,3.24,2847817.289
1532649600000.0,3.24,3.61,3.125,3.415,4072286.755
1532736000000.0,3.415,3.46,3.25,3.3289999999999997,2864680.005
1532822400000.0,3.3289999999999997,3.389,3.1830000000000003,3.21,3369940.5919999997
1532908800000.0,3.202,3.216,2.9,2.9419999999999997,3788239.195
1532995200000.0,2.9410000000000003,2.955,2.622,2.714,3507679.095
1533081600000.0,2.717,2.752,2.48,2.622,3470971.83
1533168000000.0,2.615,2.693,2.343,2.3480000000000003,3203927.1980000003
1533254400000.0,2.35,2.455,2.178,2.285,3618416.355
1533340800000.0,2.285,2.4,2.1430000000000002,2.177,3273054.088
1533427200000.0,2.177,2.3209999999999997,2.15,2.2769999999999997,3052790.4
1533513600000.0,2.282,2.37,2.155,2.2030000000000003,3138579.128
1533600000000.0,2.205,2.319,2.13,2.134,3412814.4889999996
1533686400000.0,2.135,2.3680000000000003,1.72,1.8259999999999998,5170838.465
1533772800000.0,1.8259999999999998,1.96,1.761,1.889,4370235.751
1533859200000.0,1.889,1.919,1.631,1.6580000000000001,4141740.124
1533945600000.0,1.6580000000000001,1.67,1.3519999999999999,1.445,5236962.204
1534032000000.0,1.436,1.59,1.411,1.4980000000000002,3923849.8010000004
1534118400000.0,1.4969999999999999,1.5190000000000001,1.2429999999999999,1.2590000000000001,4705474.068
1534204800000.0,1.2590000000000001,1.266,1.033,1.207,5276424.763
1534291200000.0,1.208,1.4409999999999998,1.2,1.311,5432332.1729999995
1534377600000.0,1.311,1.7990000000000002,1.266,1.715,7670667.757999999
1534464000000.0,1.723,2.763,1.699,2.688,16095572.915
1534550400000.0,2.688,2.88,1.776,2.116,28459565.474
1534636800000.0,2.114,2.425,1.985,2.359,21519259.566999998
1534723200000.0,2.353,2.7030000000000003,2.089,2.113,28409045.619000003
1534809600000.0,2.114,2.36,2.06,2.261,22048167.14
1534896000000.0,2.262,2.511,1.9380000000000002,2.08,27277255.823000003
1534982400000.0,2.089,2.19,2.009,2.181,18411873.54
1535068800000.0,2.182,2.205,2.073,2.165,12493178.088
1535155200000.0,2.164,2.472,2.119,2.346,15760581.33
1535241600000.0,2.3480000000000003,2.44,2.17,2.385,17009522.269
1535328000000.0,2.385,2.696,2.312,2.6839999999999997,17832746.766
1535414400000.0,2.6839999999999997,2.88,2.56,2.803,16415152.095
1535500800000.0,2.801,2.872,2.46,2.546,17800724.87
1535587200000.0,2.5469999999999997,2.597,2.3,2.505,19268282.898
1535673600000.0,2.5069999999999997,2.549,2.386,2.455,14032923.992999999
1535760000000.0,2.4530000000000003,2.68,2.4530000000000003,2.62,15467902.375999998
1535846400000.0,2.6189999999999998,2.627,2.4,2.505,11956371.213
1535932800000.0,2.505,2.515,2.351,2.417,8608183.617999999
1536019200000.0,2.417,2.512,2.4,2.417,8364386.2870000005
1536105600000.0,2.417,2.447,1.8030000000000002,1.834,14459550.064000001
1536192000000.0,1.8259999999999998,2.113,1.71,2.096,15098494.607
1536278400000.0,2.095,2.16,1.91,1.97,13539143.077
1536364800000.0,1.972,2.086,1.817,1.883,12326761.736
1536451200000.0,1.882,1.9769999999999999,1.7530000000000001,1.8430000000000002,11237384.691
1536537600000.0,1.8419999999999999,1.922,1.781,1.85,8644003.647
1536624000000.0,1.85,1.901,1.709,1.751,5489862.973999999
1536710400000.0,1.754,1.758,1.565,1.7380000000000002,9523619.51
1536796800000.0,1.7369999999999999,1.943,1.732,1.89,12472865.248
1536883200000.0,1.8940000000000001,1.915,1.765,1.8119999999999998,5947687.686000001
1536969600000.0,1.8119999999999998,1.9140000000000001,1.776,1.839,3593186.462
1537056000000.0,1.839,1.841,1.774,1.828,7328893.754
1537142400000.0,1.828,1.885,1.656,1.681,10112665.951
1537228800000.0,1.685,1.756,1.64,1.7209999999999999,8682030.177000001
1537315200000.0,1.72,1.75,1.631,1.712,8917777.425
1537401600000.0,1.712,1.8430000000000002,1.686,1.827,7498484.749
1537488000000.0,1.83,2.2119999999999997,1.805,2.156,12239784.192
1537574400000.0,2.156,2.265,1.9709999999999999,2.0580000000000003,10263376.726
1537660800000.0,2.057,2.17,2.002,2.079,8325558.376
1537747200000.0,2.08,2.092,1.871,1.902,6997057.285
1537833600000.0,1.902,1.903,1.749,1.8659999999999999,7404353.029
1537920000000.0,1.8659999999999999,1.91,1.7819999999999998,1.829,6327551.031
1538006400000.0,1.829,1.956,1.8,1.9180000000000001,6201954.744
1538092800000.0,1.919,2.1109999999999998,1.8969999999999998,2.017,11969446.19
1538179200000.0,2.015,2.0180000000000002,1.903,1.982,6293444.818
1538265600000.0,1.983,2.0340000000000003,1.935,2.006,3593906.611
1538352000000.0,2.006,2.0269999999999997,1.944,1.99,1654447.581
1538438400000.0,1.984,2.032,1.955,1.976,1341826.017
1538524800000.0,1.975,1.99,1.865,1.912,4581514.67
1538611200000.0,1.912,1.974,1.901,1.9240000000000002,3693928.298
1538697600000.0,1.923,1.9680000000000002,1.903,1.95,3668445.5089999996
1538784000000.0,1.952,1.979,1.915,1.931,3054915.778
1538870400000.0,1.931,1.942,1.896,1.9380000000000002,2972780.2860000003
1538956800000.0,1.9369999999999998,2.144,1.921,2.077,6369535.4629999995
1539043200000.0,2.075,2.165,2.022,2.073,5026981.041999999
1539129600000.0,2.072,2.094,1.99,2.062,4568044.392
1539216000000.0,2.062,2.063,1.709,1.724,7191663.0479999995
1539302400000.0,1.724,1.837,1.7,1.7730000000000001,5724557.807999999
1539388800000.0,1.7730000000000001,1.82,1.768,1.796,3296472.361
1539475200000.0,1.797,1.8630000000000002,1.7519999999999998,1.806,1204848.9309999999
1539561600000.0,1.8030000000000002,2.17,1.751,1.88,5725952.817000001
1539648000000.0,1.882,1.93,1.8259999999999998,1.882,916796.202
1539734400000.0,1.8780000000000001,1.9180000000000001,1.86,1.899,2857148.46
1539820800000.0,1.899,1.9480000000000002,1.839,1.8659999999999999,3642961.895
1539907200000.0,1.867,1.885,1.818,1.8259999999999998,1455723.293
1539993600000.0,1.8259999999999998,1.88,1.8119999999999998,1.869,666303.374
1540080000000.0,1.869,1.902,1.83,1.845,760578.858
1540166400000.0,1.8430000000000002,1.87,1.8,1.8359999999999999,2700996.35
1540252800000.0,1.8359999999999999,1.8419999999999999,1.791,1.8019999999999998,2894199.889
1540339200000.0,1.8019999999999998,1.83,1.796,1.808,1312238.623
1540425600000.0,1.807,1.808,1.758,1.765,1074256.388
1540512000000.0,1.766,1.778,1.7269999999999999,1.767,1354922.8480000002
1540598400000.0,1.767,1.7819999999999998,1.702,1.712,1069047.4270000001
1540684800000.0,1.714,1.849,1.705,1.775,1465359.899
1540771200000.0,1.775,1.797,1.635,1.6569999999999998,2066887.279
1540857600000.0,1.659,1.685,1.6230000000000002,1.646,929524.257
1540944000000.0,1.6469999999999998,1.6780000000000002,1.5959999999999999,1.6640000000000001,1259866.46
1541030400000.0,1.6640000000000001,1.724,1.635,1.6969999999999998,1130584.369
1541116800000.0,1.699,1.7280000000000002,1.672,1.694,1238065.472
1541203200000.0,1.6909999999999998,1.695,1.6540000000000001,1.6640000000000001,788359.05
1541289600000.0,1.665,1.766,1.649,1.733,1589063.9440000001
1541376000000.0,1.733,1.734,1.6669999999999998,1.695,1177470.73
1541462400000.0,1.693,1.733,1.6780000000000002,1.729,1390521.834
1541548800000.0,1.729,1.7630000000000001,1.671,1.693,1458629.1609999998
1541635200000.0,1.692,1.72,1.656,1.6669999999999998,986211.7840000001
1541721600000.0,1.6669999999999998,1.686,1.61,1.625,613294.606
1541808000000.0,1.625,1.656,1.62,1.645,282659.291
1541894400000.0,1.643,1.6540000000000001,1.605,1.643,244602.825
1541980800000.0,1.6440000000000001,1.6580000000000001,1.581,1.641,718443.292
1542067200000.0,1.641,1.6440000000000001,1.5919999999999999,1.5919999999999999,720531.3690000001
1542153600000.0,1.5930000000000002,1.6,1.262,1.4769999999999999,3829675.5069999998
1542240000000.0,1.4769999999999999,1.52,1.271,1.4969999999999999,3868264.0289999996
1542326400000.0,1.496,1.508,1.355,1.3880000000000001,1911047.927
1542412800000.0,1.3880000000000001,1.389,1.325,1.357,1175092.469
1542499200000.0,1.357,1.38,1.33,1.357,1060383.853
1542585600000.0,1.355,1.358,1.107,1.153,4105909.6610000003
1542672000000.0,1.151,1.172,0.852,1.01,9482250.105
1542758400000.0,1.0090000000000001,1.0979999999999999,0.96,1.046,5873278.885
1542844800000.0,1.045,1.052,0.953,0.972,3473352.59
1542931200000.0,0.97,1.0190000000000001,0.9129999999999999,1.002,3069843.82
1543017600000.0,1.002,1.041,0.895,0.9129999999999999,3117199.1119999997
1543104000000.0,0.912,0.9309999999999999,0.778,0.875,6246053.8379999995
1543190400000.0,0.878,0.909,0.722,0.78,6596136.876
1543276800000.0,0.782,0.785,0.71,0.775,3559731.341
1543363200000.0,0.7759999999999999,0.925,0.773,0.863,6301854.316000001
1543449600000.0,0.865,0.8909999999999999,0.802,0.833,4133155.847
1543536000000.0,0.8340000000000001,0.845,0.743,0.785,3166530.8039999995
1543622400000.0,0.7859999999999999,0.8420000000000001,0.7559999999999999,0.8059999999999999,2352864.506
1543708800000.0,0.8059999999999999,0.858,0.8,0.821,1930327.1609999998
1543795200000.0,0.821,0.8270000000000001,0.732,0.75,2090890.8469999998
1543881600000.0,0.752,0.779,0.685,0.7340000000000001,3453031.8880000003
1543968000000.0,0.737,0.745,0.6629999999999999,0.664,2206030.744
1544054400000.0,0.664,0.69,0.552,0.5529999999999999,3469674.59
1544140800000.0,0.555,0.5710000000000001,0.512,0.556,4892536.438
1544227200000.0,0.556,0.61,0.517,0.547,3513915.631
1544313600000.0,0.547,0.59,0.539,0.564,2129333.169
1544400000000.0,0.564,0.58,0.522,0.534,2543490.31
1544486400000.0,0.5329999999999999,0.539,0.509,0.523,1065643.325
1544572800000.0,0.522,0.5479999999999999,0.512,0.531,1161259.371
1544659200000.0,0.531,0.5329999999999999,0.49700000000000005,0.504,1571874.793
1544745600000.0,0.503,0.51,0.45799999999999996,0.469,1364632.4619999998
1544832000000.0,0.46799999999999997,0.475,0.43,0.45,1580088.517
1544918400000.0,0.451,0.47600000000000003,0.447,0.455,1401167.39
1545004800000.0,0.456,0.612,0.45299999999999996,0.5770000000000001,8635271.722000001
1545091200000.0,0.5770000000000001,0.6890000000000001,0.5429999999999999,0.6890000000000001,12897044.215999998
1545177600000.0,0.688,0.6990000000000001,0.6,0.604,12500867.621
1545264000000.0,0.605,0.679,0.593,0.662,10297575.26
1545350400000.0,0.662,0.8,0.629,0.7040000000000001,11090971.775
1545436800000.0,0.703,0.765,0.688,0.733,6590748.772000001
1545523200000.0,0.7340000000000001,0.777,0.7120000000000001,0.741,4668341.968
1545609600000.0,0.741,0.8240000000000001,0.74,0.762,7971117.395
1545696000000.0,0.7609999999999999,0.768,0.597,0.6535,7264973.469
1545782400000.0,0.6551,0.6862,0.6128,0.6266,6026511.24
1545868800000.0,0.6268,0.634,0.5365,0.5468,7495662.647000001
1545955200000.0,0.5468,0.638,0.5303,0.616,6742999.99
1546041600000.0,0.6151,0.635,0.5829,0.5898,5890022.26
1546128000000.0,0.5888,0.62,0.5788,0.6108,3316292.17
1546214400000.0,0.6102,0.6128,0.5721,0.5808,2384505.46
1546300800000.0,0.5817,0.5938,0.5665,0.5935,2305249.68
1546387200000.0,0.5935,0.6439,0.5877,0.6306,4179137.45
1546473600000.0,0.6312,0.6353,0.58,0.5945,3003308.37
1546560000000.0,0.5947,0.6087,0.55,0.5979,2500421.96
1546646400000.0,0.5983,0.6302,0.593,0.616,2919230.88
1546732800000.0,0.6165,0.6555,0.598,0.6403,3778242.61
1546819200000.0,0.6406,0.6549,0.618,0.6196,2778265.67
1546905600000.0,0.6199,0.664,0.604,0.6308,3430205.13
1546992000000.0,0.6309,0.7312,0.6297,0.7112,5843602.23
1547078400000.0,0.7108,0.7371,0.5522,0.5828,10125184.86
1547164800000.0,0.5834,0.6467,0.5703,0.6289,10130710.76
1547251200000.0,0.6292,0.6459999999999999,0.5915,0.6049,7009077.53
1547337600000.0,0.6054,0.6104,0.5489999999999999,0.5638,4551286.71
1547424000000.0,0.5639,0.61,0.5589,0.5975,5334592.12
1547510400000.0,0.5974,0.612,0.5618,0.5799,4525916.68
1547596800000.0,0.5795,0.6472,0.5736,0.615,5288805.03
1547683200000.0,0.6155,0.6217,0.598,0.6148,3043489.4
1547769600000.0,0.6151,0.6168,0.59,0.5986,1823263.04
1547856000000.0,0.5994,0.626,0.5941,0.6111,3100148.44
1547942400000.0,0.6098,0.6225,0.5696,0.5883,3009519.8
1548028800000.0,0.5892,0.5977,0.5660000000000001,0.5776,2279566.2
1548115200000.0,0.5779,0.612,0.5649,0.6011,2762262.52
1548201600000.0,0.601,0.612,0.58,0.5928,2310623.67
1548288000000.0,0.5933,0.5999,0.5858,0.5936,1611360.89
1548374400000.0,0.5938,0.63,0.584,0.6121,4105979.49
1548460800000.0,0.613,0.6364,0.6001,0.6068,3660996.39
1548547200000.0,0.606,0.6175,0.5801,0.599,2724461.16
1548633600000.0,0.5989,0.5996,0.5315,0.5576,4122558.06
1548720000000.0,0.5568,0.5607,0.5343,0.5417,2668985.51
1548806400000.0,0.5411,0.5566,0.5325,0.5522,3929334.89
1548892800000.0,0.5516,0.5615,0.5241,0.5326,2445402.95
1548979200000.0,0.5314,0.5485,0.5211,0.5405,1489345.03
1549065600000.0,0.541,0.5549,0.5339,0.551,793926.82
1549152000000.0,0.5515,0.5554,0.5296,0.5391,1329075.38
1549238400000.0,0.5385,0.544,0.5319,0.534,639937.98
1549324800000.0,0.5339,0.5341,0.5207,0.5305,837800.55
1549411200000.0,0.5299,0.5323,0.5036,0.5143,1553783.56
1549497600000.0,0.5143,0.5296,0.5138,0.518,1124149.76
1549584000000.0,0.517,0.5799,0.5146,0.5623,2694230.11
1549670400000.0,0.5629,0.6035,0.5529999999999999,0.5788,3089286.41
1549756800000.0,0.579,0.5883,0.5578,0.5871,2117894.04
1549843200000.0,0.5873,0.5874,0.5670000000000001,0.579,1574369.06
1549929600000.0,0.579,0.5887,0.5617,0.579,2398179.45
1550016000000.0,0.5777,0.61,0.5701,0.5770000000000001,2694139.18
1550102400000.0,0.5775,0.5826,0.5588,0.5663,948670.4
1550188800000.0,0.5664,0.6832,0.5615,0.6692,16754858.92
1550275200000.0,0.6709,0.7156,0.6229,0.6233,16687442.69
1550361600000.0,0.6233,0.6779999999999999,0.62,0.6469,6798750.97
1550448000000.0,0.647,0.6829999999999999,0.6342,0.6791,7517901.14
1550534400000.0,0.6798,0.7261,0.6659999999999999,0.6806,9423697.5
1550620800000.0,0.6812,0.7674,0.6585,0.7490000000000001,7088711.83
1550707200000.0,0.7491,0.7659999999999999,0.6998,0.7346,6458954.79
1550793600000.0,0.7342,0.8365,0.733,0.8128,10694011.906
1550880000000.0,0.8132,0.998,0.8033,0.9666,21873559.943000004
1550966400000.0,0.9651,1.1981,0.841,0.9784,46356087.313
1551052800000.0,0.9795,1.043,0.9104,0.9773,23767645.84
1551139200000.0,0.9771,1.0052,0.8811,0.9068,8461831.61
1551225600000.0,0.9059999999999999,0.9179999999999999,0.852,0.8992,6800261.93
1551312000000.0,0.8978,0.951,0.8765,0.9011,6720047.96
1551398400000.0,0.9013,0.9537,0.8891,0.9282,3571668.59
1551484800000.0,0.9282,0.9296,0.8594,0.8789,2827768.11
1551571200000.0,0.8791,0.9009,0.8640000000000001,0.8763,1336209.74
1551657600000.0,0.8761,0.8811,0.7737,0.7946,5340675.06
1551744000000.0,0.795,0.927,0.7656,0.9195,7362256.89
1551830400000.0,0.9185,0.9266,0.8805,0.9011,3989043.48
1551916800000.0,0.9003,1.0457,0.9003,1.0107,10197014.4
1552003200000.0,1.0108,1.06,0.9590000000000001,0.9753,7553506.72
1552089600000.0,0.9754,1.047,0.9590000000000001,0.986,3989568.01
1552176000000.0,0.986,0.9964,0.9186,0.9542,3497874.74
1552262400000.0,0.9559,0.97,0.8809,0.9111,3019896.41
1552348800000.0,0.9104,1.0298,0.8752,0.9611,6194743.12
1552435200000.0,0.961,1.0608,0.9196,1.013,9727669.74
1552521600000.0,1.0134,1.0238,0.9551,0.9926,3390393.16
1552608000000.0,0.9929,1.0195,0.9742,1.001,2054385.64
1552694400000.0,1.001,1.0878,0.9994,1.0724,4959641.29
1552780800000.0,1.0728,1.1534,1.0205,1.1179,4474213.26
1552867200000.0,1.1181,1.1441,1.0459,1.0861,3813846.51
1552953600000.0,1.0859,1.1285,1.0596,1.1262,2997608.51
1553040000000.0,1.1252,1.3479,1.0751,1.3149,10979889.976
1553126400000.0,1.3147,1.4067,1.16,1.2801,16854749.346
1553212800000.0,1.2801,1.3459,1.2149,1.2769,6559158.1
1553299200000.0,1.2764,1.3259999999999998,1.2446,1.2609,4980198.39
1553385600000.0,1.2611,1.2611,1.2037,1.2437,4317948.59
1553472000000.0,1.2455,1.2686,1.1475,1.1916,4619744.76
1553558400000.0,1.1916,1.1996,1.0989,1.1725,3931993.82
1553644800000.0,1.1723,1.2695,1.1578,1.2527,4517204.68
1553731200000.0,1.2519,1.2595,1.2,1.2226,2432937.53
1553817600000.0,1.2214,1.2554,1.2104,1.245,2965320.38
1553904000000.0,1.245,1.3331,1.2409999999999999,1.2919999999999998,4720015.15
1553990400000.0,1.2919999999999998,1.3119999999999998,1.2628,1.3067,1874684.73
1554076800000.0,1.3067,1.3845,1.28,1.3186,4144236.47
1554163200000.0,1.3193,1.4796,1.2703,1.4563,10384215.32
1554249600000.0,1.4569,1.686,1.3776,1.46,11725599.027
1554336000000.0,1.4571,1.6531,1.4204,1.5842,10645308.74
1554422400000.0,1.5855,1.6379,1.5613,1.6131,3672582.23
1554508800000.0,1.6149,1.6169,1.5435,1.5623,3734015.83
1554595200000.0,1.5659,1.5859999999999999,1.4780000000000002,1.5313,5065782.04
1554681600000.0,1.5314,1.5928,1.411,1.5022,7354285.4
1554768000000.0,1.5022,1.5142,1.3915,1.4403,3597871.62
1554854400000.0,1.4423,1.5357,1.4381,1.4942,3243859.61
1554940800000.0,1.4944,1.5019999999999998,1.2221,1.3166,6157039.76
1555027200000.0,1.3165,1.3748,1.227,1.3319999999999999,3025641.63
1555113600000.0,1.3309,1.3554,1.2848,1.3133,1289796.55
1555200000000.0,1.3133,1.3599,1.2781,1.3575,1386664.72
1555286400000.0,1.3565,1.38,1.255,1.3,2601418.95
1555372800000.0,1.2987,1.3243,1.2474,1.3124,2878415.49
1555459200000.0,1.3102,1.3594,1.3016,1.3238,2771566.21
1555545600000.0,1.3241,1.359,1.319,1.3296,2059258.28
1555632000000.0,1.3293,1.3333,1.2781,1.2989,1968625.25
1555718400000.0,1.2996,1.3157,1.2815,1.3044,1746081.55
1555804800000.0,1.3034,1.3186,1.18,1.2205,3577935.97
1555891200000.0,1.2205,1.2409999999999999,1.1712,1.219,3794158.34
1555977600000.0,1.2186,1.2798,1.1467,1.151,4246474.29
1556064000000.0,1.151,1.1668,1.03,1.124,7090740.52
1556150400000.0,1.1242,1.1534,1.012,1.0348,4163910.66
1556236800000.0,1.034,1.077,0.9889,1.0625,4124344.08
1556323200000.0,1.0625,1.1758,1.0411,1.1484,5437341.87
1556409600000.0,1.1483,1.187,1.0982,1.1174,2571610.41
1556496000000.0,1.1174,1.1325,1.0078,1.048,3821548.99
1556582400000.0,1.0499,1.123,1.0286,1.1079999999999999,3697765.36
1556668800000.0,1.1095,1.128,1.0828,1.1177,1968073.79
1556755200000.0,1.1177,1.1284,1.0936,1.1101,2107273.91
1556841600000.0,1.1079,1.1688,1.0993,1.1422,3108550.75
1556928000000.0,1.1407,1.1992,1.0378,1.0911,4484881.91
1557014400000.0,1.0919,1.11,1.062,1.082,1633583.21
1557100800000.0,1.0829,1.0887,1.0174,1.0696,2389333.82
1557187200000.0,1.07,1.1139,1.0375,1.0411,2867660.98
1557273600000.0,1.0393,1.0749,1.0245,1.0474,1498766.42
1557360000000.0,1.048,1.0695,1.0090000000000001,1.0145,2089924.5
1557446400000.0,1.0145,1.0834,0.9896,1.0617,4056757.26
1557532800000.0,1.0611,1.2616,1.056,1.179,8455462.8
1557619200000.0,1.1772,1.2444,1.12,1.156,5299256.89
1557705600000.0,1.156,1.3098,1.1465,1.2721,5082877.72
1557792000000.0,1.2703,1.5081,1.2563,1.4619,6978607.25
1557878400000.0,1.4622,1.6008,1.4473,1.5919999999999999,4047281.1
1557964800000.0,1.5896,1.6714,1.3769999999999998,1.4393,10199240.77
1558051200000.0,1.4406,1.4665,1.25,1.3766,8041680.74
1558137600000.0,1.3773,1.3952,1.2916,1.308,3596396.78
1558224000000.0,1.308,1.4448,1.3048,1.4185,4406730.64
1558310400000.0,1.4162,1.4162,1.3,1.3682,4035104.14
1558396800000.0,1.3661,1.412,1.3335,1.3818,3342281.07
1558483200000.0,1.3822,1.41,1.285,1.317,3624092.0
1558569600000.0,1.317,1.325,1.2456,1.3122,2307319.6
1558656000000.0,1.3122,1.3919,1.2930000000000001,1.3368,2541956.11
1558742400000.0,1.3351,1.3746,1.321,1.3495,1532222.87
1558828800000.0,1.3499,1.4288,1.3046,1.4067,2722058.26
1558915200000.0,1.4067,1.54,1.3987,1.4923,4692238.2
1559001600000.0,1.4923,1.5352,1.4229,1.4763,2831479.96
1559088000000.0,1.4764,1.5959999999999999,1.3756,1.528,4269718.35
1559174400000.0,1.5281,1.7156,1.38,1.4417,9835250.25
1559260800000.0,1.4419,1.53,1.3925,1.5269,3589820.75
1559347200000.0,1.5252,1.5647,1.431,1.465,3592579.55
1559433600000.0,1.4638,1.5444,1.4622,1.5017,2788415.29
1559520000000.0,1.5019,1.5029,1.3394,1.348,3362158.88
1559606400000.0,1.3458,1.3592,1.21,1.2547,4935862.28
1559692800000.0,1.2547,1.3109,1.2319,1.3031,3244135.18
1559779200000.0,1.3043,1.3282,1.2332,1.3004,2229052.77
1559865600000.0,1.3016,1.3519999999999999,1.2819,1.324,2102687.4
1559952000000.0,1.3231,1.3658,1.2764,1.3183,1662859.78
1560038400000.0,1.3197,1.3555,1.2604,1.3252,2557321.98
1560124800000.0,1.3251,1.5,1.3156,1.4036,9863665.58
1560211200000.0,1.4032,1.44,1.3612,1.4176,3430802.87
1560297600000.0,1.4164,1.4495,1.3836,1.4204,2740552.95
1560384000000.0,1.4208,1.4980000000000002,1.3951,1.4282,3926200.95
1560470400000.0,1.4294,1.4418,1.3495,1.4177,3352971.63
1560556800000.0,1.4177,1.4628,1.4077,1.4379,2213106.39
1560643200000.0,1.4371,1.48,1.4104,1.4455,2824285.61
1560729600000.0,1.4454,1.5433,1.4403,1.5417,3067168.61
1560816000000.0,1.5435,1.55,1.4132,1.43,3047733.62
1560902400000.0,1.4299,1.4643,1.4117,1.4334,1751504.14
1560988800000.0,1.4346,1.4638,1.37,1.4018,2019910.81
1561075200000.0,1.4029,1.452,1.3898,1.4227,3208636.96
1561161600000.0,1.4244,1.6835,1.4054,1.6014,9123967.24
1561248000000.0,1.6012,1.6798,1.5303,1.5455,4231541.73
1561334400000.0,1.5431,1.62,1.4947,1.6199,3285178.31
1561420800000.0,1.6199,1.8168,1.5854,1.7758,8235468.039
1561507200000.0,1.7788,1.8559999999999999,1.58,1.6869,7956429.655
1561593600000.0,1.686,1.7256,1.4069999999999998,1.4619,6164323.61
1561680000000.0,1.459,1.5698,1.4432,1.5337,3183137.13
1561766400000.0,1.5336,1.5713,1.465,1.5574,2871981.52
1561852800000.0,1.5587,1.6647,1.4280000000000002,1.4366,4026554.68
1561939200000.0,1.4380000000000002,1.5057,1.338,1.4285,3119308.37
1562025600000.0,1.4281,1.4380000000000002,1.2987,1.3961,2555068.93
1562112000000.0,1.3976,1.4288,1.3764,1.421,1513372.35
1562198400000.0,1.4192,1.4552,1.3678,1.3732,1635466.66
1562284800000.0,1.3727,1.3862,1.3315,1.3499,1069278.74
1562371200000.0,1.3525,1.4,1.35,1.37,788805.04
1562457600000.0,1.3701,1.3939,1.3445,1.3866,831055.3
1562544000000.0,1.3876,1.3936,1.365,1.3806,1177953.46
1562630400000.0,1.3806,1.4191,1.34,1.3621,1564775.26
1562716800000.0,1.3611,1.37,1.1538,1.2309999999999999,3988707.97
1562803200000.0,1.2309999999999999,1.2309999999999999,1.0018,1.0705,5243843.65
1562889600000.0,1.0703,1.1355,1.0332,1.1197,2308804.47
1562976000000.0,1.1196,1.1281,1.034,1.0656,1710900.85
1563062400000.0,1.0666,1.077,0.8865,0.8948,3728640.38
1563148800000.0,0.8949,0.929,0.809,0.9108,4062866.34
1563235200000.0,0.9123,0.9503,0.7718,0.7947,4631157.75
1563321600000.0,0.7954,0.892,0.7765,0.8418,3638286.78
1563408000000.0,0.8411,0.9847,0.8234,0.9449,5558146.12
1563494400000.0,0.9437,0.9640000000000001,0.9023,0.9440000000000001,1839553.69
1563580800000.0,0.9463,1.0999,0.9388,1.026,3723583.14
1563667200000.0,1.0282,1.0567,0.9778,1.03,2010258.97
1563753600000.0,1.0302,1.0458,0.9575,0.9929,1367184.89
1563840000000.0,0.9919,0.9962,0.9132,0.9416,1617454.44
1563926400000.0,0.9389,1.0332,0.9048,1.0222,1920464.19
1564012800000.0,1.02,1.0605,1.0072,1.0411,1759154.78
1564099200000.0,1.0399,1.0881,1.002,1.0614,2297662.13
1564185600000.0,1.0613,1.0874,0.9395,0.9774,2972772.71
1564272000000.0,0.9777,0.9908,0.9288,0.9749,1198317.27
1564358400000.0,0.975,1.0216,0.963,0.9762,1728127.12
1564444800000.0,0.9737,0.986,0.9502,0.9664,1043900.34
1564531200000.0,0.9645,1.02,0.9634,1.003,1462022.63
1564617600000.0,1.0039,1.01,0.9591,0.9822,1217512.56
1564704000000.0,0.9835,1.0001,0.9581,0.9699,1497487.55
1564790400000.0,0.9682,0.9998,0.9643,0.9786,1174964.31
1564876800000.0,0.9777,0.9888,0.9506,0.9589,1118809.54
1564963200000.0,0.9582,1.02,0.9570000000000001,1.0028,2068354.07
1565049600000.0,1.0035,1.0097,0.9518,0.9612,1974879.74
1565136000000.0,0.9591,0.9679,0.9224,0.9293,1546217.63
1565222400000.0,0.9285,0.9467,0.8975,0.9079,1431971.0
1565308800000.0,0.9096,0.9221,0.8471,0.8701,1597459.41
1565395200000.0,0.871,0.8977,0.8431,0.8937,1711673.49
1565481600000.0,0.8936,0.9178,0.8769,0.9009999999999999,1518789.97
1565568000000.0,0.9016,0.9058,0.875,0.8799,830107.02
1565654400000.0,0.8792,0.8824,0.8417,0.8590000000000001,1216315.89
1565740800000.0,0.8582,0.8689,0.7697,0.7877,1705058.63
1565827200000.0,0.7874,0.8069,0.748,0.7749,1530612.26
1565913600000.0,0.774,0.7909,0.7334,0.7502,1505480.39
1566000000000.0,0.7497,0.7673,0.743,0.7593,1120284.18
1566086400000.0,0.7599,0.8029999999999999,0.7581,0.7804,1517213.46
1566172800000.0,0.7789,0.8254,0.7711,0.8132,1300735.31
1566259200000.0,0.8129,0.8152,0.7761,0.7822,823671.89
1566345600000.0,0.7827,0.784,0.7113,0.7422,1556898.25
1566432000000.0,0.7423,0.7732,0.7131,0.7581,1517603.61
1566518400000.0,0.7572,0.7694,0.7397,0.7632,1227112.78
1566604800000.0,0.7635,0.8505,0.7635,0.8303,5631245.71
1566691200000.0,0.8303,0.9016,0.7777,0.8046,5676243.73
1566777600000.0,0.8042,0.8353,0.7904,0.8008,1880073.99
1566864000000.0,0.8013,0.8013,0.7615,0.7812,1672825.2
1566950400000.0,0.7808,0.7963,0.7,0.7294,4076764.3
1567036800000.0,0.7290000000000001,0.7290000000000001,0.691,0.7170000000000001,3303898.89
1567123200000.0,0.7169,0.7323,0.7,0.7235,1127870.58
1567209600000.0,0.7228,0.7356,0.6968,0.7085,1261018.37
1567296000000.0,0.708,0.7196,0.6855,0.7144,747361.1
1567382400000.0,0.7135,0.7427,0.6994,0.733,877735.44
1567468800000.0,0.7342,0.7463,0.71,0.7161,1907447.59
1567555200000.0,0.7162,0.726,0.7019,0.7065,1515385.23
1567641600000.0,0.7072,0.7245,0.6954,0.7071,1880455.15
1567728000000.0,0.7072,0.728,0.6779,0.6892,1889929.6
1567814400000.0,0.6895,0.7211,0.6827,0.7102,1206176.7
1567900800000.0,0.71,0.7707,0.7057,0.758,4155919.49
1567987200000.0,0.7582,0.79,0.7304,0.7658,3212373.62
1568073600000.0,0.7646,0.8093,0.7523,0.7624,2567581.02
1568160000000.0,0.7624,0.7713,0.72,0.7338,2132891.05
1568246400000.0,0.7345,0.7401,0.698,0.7339,3221111.56
1568332800000.0,0.7339,0.7639,0.7290000000000001,0.748,2556315.34
1568419200000.0,0.7483,0.7667,0.7309,0.7565,2198731.84
1568505600000.0,0.7569,0.7677,0.7477,0.7571,1538365.35
1568592000000.0,0.7571,0.7835,0.75,0.764,2086065.85
1568678400000.0,0.7642,0.8233,0.7574,0.7894,16130333.96
1568764800000.0,0.789,0.8609,0.7877,0.8223,6697264.71
1568851200000.0,0.8224,0.8434,0.7687,0.8173,6447166.26
1568937600000.0,0.8173,0.8356,0.7957,0.8333,2385528.04
1569024000000.0,0.8333,0.845,0.8024,0.8058,3361784.39
1569110400000.0,0.8052,0.8052,0.7652,0.7967,1813747.17
1569196800000.0,0.7968,0.8022,0.7325,0.7429,3664334.01
1569283200000.0,0.7423,0.7558,0.5582,0.6101,9410466.37
1569369600000.0,0.6103,0.6521,0.5760000000000001,0.6185,8309315.36
1569456000000.0,0.6186,0.6223,0.5445,0.5854,5559065.2
1569542400000.0,0.5851,0.6047,0.5612,0.5956,2857038.45
1569628800000.0,0.5953,0.6095,0.5819,0.6039,3461616.61
1569715200000.0,0.6039,0.6121,0.5647,0.5846,3835266.08
1569801600000.0,0.5849,0.6191,0.5668,0.6148,3813199.71
1569888000000.0,0.6162,0.6312,0.5945,0.6043,2681448.8
1569974400000.0,0.6048,0.6194,0.596,0.6173,2929589.5
1570060800000.0,0.6178,0.6185,0.5903,0.6043,2472380.31
1570147200000.0,0.605,0.623,0.5926,0.6121,1764816.12
1570233600000.0,0.612,0.6262,0.608,0.6239,4270640.13
1570320000000.0,0.6246,0.63,0.5907,0.6046,3288484.5
1570406400000.0,0.6044,0.6499,0.5945,0.6381,4316342.55
1570492800000.0,0.6375,0.6531,0.6201,0.6368,5680378.33
1570579200000.0,0.6368,0.674,0.6269,0.6559999999999999,5706946.14
1570665600000.0,0.6559,0.6624,0.6185,0.6455,4140063.51
1570752000000.0,0.6455,0.6645,0.6219,0.6445,6350836.12
1570838400000.0,0.6444,0.6567,0.6219,0.6322,4327294.33
1570924800000.0,0.6315,0.6534,0.628,0.6366,3526809.79
1571011200000.0,0.6365,0.6459,0.6251,0.6407,4329654.13
1571097600000.0,0.6406,0.65,0.6272,0.6355,4076226.33
1571184000000.0,0.6355,0.6466,0.5901,0.6051,4239627.26
1571270400000.0,0.6048,0.6115,0.5886,0.6014,4226391.76
1571356800000.0,0.6016,0.6079,0.5736,0.586,3568923.85
1571443200000.0,0.5865,0.5920000000000001,0.578,0.5838,2193504.1
1571529600000.0,0.5837,0.5902,0.5629,0.5854,3144213.41
1571616000000.0,0.5853,0.5972,0.5756,0.5914,2468372.02
1571702400000.0,0.5914,0.6041,0.5774,0.5809,2350206.03
1571788800000.0,0.5806,0.5823,0.5198,0.5489,3214330.51
1571875200000.0,0.5484,0.5541,0.5336,0.5461,1996648.88
1571961600000.0,0.546,0.6235,0.5406,0.6196,5990504.17
1572048000000.0,0.6194,0.7008,0.6143,0.6613,12548563.95
1572134400000.0,0.6612,1.188,0.6611,0.9796,51879970.82
1572220800000.0,0.981,1.1512,0.8412,0.8795,53994570.47
1572307200000.0,0.8783,0.9223,0.8148,0.8556,17306113.94
1572393600000.0,0.8556,0.9295,0.82,0.8911,22902178.7
1572480000000.0,0.8906,0.8955,0.8105,0.8551,14855631.23
1572566400000.0,0.8552,0.88,0.83,0.8682,5094576.86
1572652800000.0,0.8687,0.9390000000000001,0.8516,0.9255,13265914.07
1572739200000.0,0.9251,0.929,0.8688,0.8964,6841298.17
1572825600000.0,0.8963,0.9305,0.8845,0.9085,5962390.91
1572912000000.0,0.9085,0.9145,0.8813,0.9009999999999999,5340638.95
1572998400000.0,0.9002,0.9175,0.8821,0.8931,4393017.91
1573084800000.0,0.894,0.8972,0.8540000000000001,0.8931,6342419.15
1573171200000.0,0.8931,0.8953,0.8127,0.8232,5106712.92
1573257600000.0,0.8231,0.8382,0.8162,0.8263,2768875.72
1573344000000.0,0.8261,0.8633,0.8217,0.8518,3599936.11
1573430400000.0,0.8517,0.8568,0.8029999999999999,0.8464,4055290.4
1573516800000.0,0.8463,0.92,0.836,0.9166,8718380.76
1573603200000.0,0.9174,0.9487,0.885,0.9313,6795499.97
1573689600000.0,0.9315,0.9399,0.8596,0.8868,6942302.72
1573776000000.0,0.8866,0.8973,0.79,0.8308,7208159.75
1573862400000.0,0.8306,0.8415,0.8156,0.8347,2660936.01
1573948800000.0,0.8346,0.8409,0.8041,0.8197,2624143.42
1574035200000.0,0.8195,0.8208,0.7277,0.7568,4768273.43
1574121600000.0,0.7568,0.7574,0.7117,0.7276,6772942.23
1574208000000.0,0.7276,0.7594,0.7001,0.7195,6455862.36
1574294400000.0,0.7194,0.7233,0.638,0.6682,5614228.07
1574380800000.0,0.6681,0.679,0.5532,0.6046,11681816.31
1574467200000.0,0.6045,0.6365,0.5814,0.6297,5415818.92
1574553600000.0,0.6297,0.6333,0.5541,0.5629,6744837.57
1574640000000.0,0.5624,0.6461,0.526,0.6003,14667450.7
1574726400000.0,0.6006,0.6344,0.5957,0.627,5981132.03
1574812800000.0,0.6269,0.6589,0.5788,0.6404,6461699.44
1574899200000.0,0.6404,0.6643,0.6266,0.6346,4746636.58
1574985600000.0,0.6345,0.6964,0.6304,0.6793,6786064.93
1575072000000.0,0.6793,0.6835,0.6326,0.6368,4944512.66
1575158400000.0,0.6365,0.6491,0.603,0.6359,6485339.5
1575244800000.0,0.6365,0.6367,0.6049,0.6172,3381459.7
1575331200000.0,0.6173,0.6304,0.61,0.6171,2474189.48
1575417600000.0,0.6173,0.6354,0.5813,0.5936,5804962.29
1575504000000.0,0.5934,0.6172,0.5886,0.6105,2976738.26
1575590400000.0,0.6107,0.6189,0.5991,0.616,2603091.86
1575676800000.0,0.6166,0.6307,0.6125,0.6172,2315717.61
1575763200000.0,0.6172,0.6494,0.6042,0.6402,3898127.95
1575849600000.0,0.6409999999999999,0.6539,0.606,0.6119,4849402.8
1575936000000.0,0.6115,0.6156,0.5782,0.5898,3116104.82
1576022400000.0,0.5892,0.6067,0.5825,0.5915,1613898.25
1576108800000.0,0.5915,0.5953,0.5777,0.5926,2165777.49
1576195200000.0,0.5921,0.6286,0.5916,0.6122,3232871.86
1576281600000.0,0.6128,0.6133,0.5804,0.5868,1807734.5
1576368000000.0,0.5864,0.6055,0.579,0.5945,2041102.75
1576454400000.0,0.5949,0.597,0.5567,0.5579999999999999,1810686.9
1576540800000.0,0.5579999999999999,0.5633,0.5063,0.5203,3603371.97
1576627200000.0,0.5218,0.5710000000000001,0.5029,0.556,4628458.91
1576713600000.0,0.556,0.5638,0.5302,0.5407,3426303.89
1576800000000.0,0.5412,0.5589999999999999,0.5283,0.5487,2676243.53
1576886400000.0,0.5491,0.5516,0.5336,0.5389,2272804.6
1576972800000.0,0.5382,0.5574,0.5336,0.557,3599760.07
1577059200000.0,0.5573,0.564,0.5161,0.5223,5936789.39
1577145600000.0,0.5226,0.5393,0.5171,0.5223,3555604.93
1577232000000.0,0.5222,0.5226,0.5043,0.5122,2486859.6
1577318400000.0,0.5122,0.5329999999999999,0.505,0.5149,3828436.38
1577404800000.0,0.5147,0.5275,0.5059,0.5197,2746565.92
1577491200000.0,0.5196,0.5393,0.5182,0.531,2912446.35
1577577600000.0,0.5315,0.5532,0.5255,0.5447,3735733.77
1577664000000.0,0.5446,0.5446,0.523,0.5262,2616125.54
1577750400000.0,0.5257,0.5303,0.5169,0.5185,1503320.72
1577836800000.0,0.5191,0.5413,0.517,0.5275,1377985.36
1577923200000.0,0.5267,0.5276,0.4969,0.5037,2059422.89
1578009600000.0,0.5038,0.5325,0.4946,0.5278,3111408.42
1578096000000.0,0.5282,0.5323,0.5184,0.5316,1876901.1
1578182400000.0,0.5317,0.5729,0.5304,0.5483,4746345.04
1578268800000.0,0.5486,0.5875,0.5475,0.5831,5587043.88
1578355200000.0,0.5833,0.593,0.5496,0.5636,5550311.45
1578441600000.0,0.5636,0.5893,0.5386,0.5538,4685570.29
1578528000000.0,0.5532,0.5532,0.5311,0.5387,2280367.82
1578614400000.0,0.5387,0.5698,0.5295,0.5665,4294614.22
1578700800000.0,0.5670000000000001,0.613,0.56,0.583,5553296.68
1578787200000.0,0.5834,0.6299,0.5781,0.6165,5344259.21
1578873600000.0,0.6165,0.6182,0.5828,0.6061,3991168.99
1578960000000.0,0.6059,0.6821,0.6059,0.6759,10410382.25
1579046400000.0,0.6757,0.748,0.6611,0.6991,12394182.0
1579132800000.0,0.6988,0.7198,0.647,0.7127,7049984.72
1579219200000.0,0.7120000000000001,0.73,0.6762,0.7136,7885890.27
1579305600000.0,0.7133,0.7341,0.6793,0.6881,6940337.7
1579392000000.0,0.6867,0.7189,0.6355,0.6542,6416026.42
1579478400000.0,0.6545,0.6696,0.6278,0.6535,2942035.34
1579564800000.0,0.6536,0.6662,0.6384,0.6628,3144021.05
1579651200000.0,0.6634,0.682,0.6553,0.6688,2564655.39
1579737600000.0,0.6694,0.6718,0.6196,0.6386,3456840.15
1579824000000.0,0.6388,0.6405,0.6095,0.6255,4149490.22
1579910400000.0,0.6249,0.6375,0.6122,0.6313,1792216.6
1579996800000.0,0.6307,0.657,0.6266,0.647,2283113.26
1580083200000.0,0.6482,0.6876,0.6353,0.6852,5454517.51
1580169600000.0,0.6845,0.7,0.6748,0.6959,4863091.27
1580256000000.0,0.6971,0.753,0.6940000000000001,0.7297,8323187.33
1580342400000.0,0.7295,0.7419,0.7082,0.7344,5264886.09
1580428800000.0,0.7354,0.7826,0.7194,0.7705,8485963.39
1580515200000.0,0.7704,0.7789,0.7440000000000001,0.7621,4138921.0
1580601600000.0,0.7623,0.81,0.7446,0.7852,6980324.85
1580688000000.0,0.7856,0.809,0.7634,0.7809,4042134.16
1580774400000.0,0.7809999999999999,0.8265,0.7486,0.8206,4828878.68
1580860800000.0,0.8196,0.8475,0.8099,0.8475,5615491.55
1580947200000.0,0.8475,0.8725,0.8286,0.862,6573192.0
1581033600000.0,0.8619,0.8855,0.8497,0.8695,5907399.54
1581120000000.0,0.8695,0.8705,0.8124,0.8457,5232435.59
1581206400000.0,0.8458,0.9283,0.8457,0.9188,8990705.04
1581292800000.0,0.9184,0.9737,0.8636,0.9581,18704356.12
1581379200000.0,0.9579,0.9832,0.9125,0.9767,11368341.27
1581465600000.0,0.9767,1.06,0.9749,1.035,16688307.3
1581552000000.0,1.0356,1.0737,0.9776,1.0251,13993120.97
1581638400000.0,1.0254,1.0734,0.9955,1.0727,7493026.46
1581724800000.0,1.0726,1.0975,0.9352,0.9609,13383119.07
1581811200000.0,0.9592,1.0057,0.8145,0.9013,18608198.99
1581897600000.0,0.9005,0.9115,0.805,0.8817,15010775.92
1581984000000.0,0.8817,0.9426,0.8335,0.9213,9425083.01
1582070400000.0,0.924,0.935,0.8264,0.85,7137715.13
1582156800000.0,0.8485,0.8648,0.7922,0.8298,10507050.2
1582243200000.0,0.8298,0.8744,0.8206,0.8525,5523498.29
1582329600000.0,0.853,0.8608,0.82,0.8464,4286408.54
1582416000000.0,0.8449,0.8972,0.8446,0.8925,4877936.81
1582502400000.0,0.893,0.8963,0.8272,0.8589,6755345.3
1582588800000.0,0.8595,0.862,0.7658,0.7769,5478588.5
1582675200000.0,0.7781,0.7859999999999999,0.6583,0.6852,11770056.47
1582761600000.0,0.6848,0.7269,0.6472,0.7033,11476971.99
1582848000000.0,0.7042,0.7221,0.6541,0.6915,10351304.15
1582934400000.0,0.6918,0.7096,0.6658,0.6661,5437248.07
1583020800000.0,0.6664,0.7093,0.6653,0.6823,6851293.94
1583107200000.0,0.6823,0.7368,0.6791,0.7240000000000001,6903500.35
1583193600000.0,0.7244,0.7253,0.6933,0.7033,6444969.96
1583280000000.0,0.7037,0.7216,0.6994,0.7166,4296559.17
1583366400000.0,0.7171,0.7457,0.7170000000000001,0.731,6624996.31
1583452800000.0,0.7304,0.7433,0.7198,0.742,4237572.94
1583539200000.0,0.7424,0.7659999999999999,0.7149,0.7186,6619950.16
1583625600000.0,0.7183,0.7183,0.601,0.6056,9245651.3
1583712000000.0,0.6061,0.6212,0.5408,0.5881,14048175.24
1583798400000.0,0.5873,0.6055,0.5711,0.5904,8211154.39
1583884800000.0,0.5915,0.5963,0.5377,0.5776,10062807.9
1583971200000.0,0.5786,0.5804,0.2896,0.3062,28998868.814
1584057600000.0,0.3041,0.3768,0.2107,0.3443,30337554.85
1584144000000.0,0.3449,0.3541,0.3197,0.3298,13327776.22
1584230400000.0,0.33,0.3728,0.3251,0.3471,13540278.73
1584316800000.0,0.34700000000000003,0.3519,0.2767,0.3085,20934867.08
1584403200000.0,0.3089,0.3378,0.3053,0.3267,10184730.77
1584489600000.0,0.327,0.3341,0.3099,0.3326,7922542.75
1584576000000.0,0.3332,0.397,0.3304,0.37799999999999995,12501710.74
1584662400000.0,0.37799999999999995,0.4278,0.3417,0.3788,15483935.94
1584748800000.0,0.3788,0.3878,0.3514,0.3735,9550407.85
1584835200000.0,0.3735,0.4,0.3427,0.3454,8342732.93
1584921600000.0,0.3449,0.3804,0.3385,0.3733,7858594.89
1585008000000.0,0.3737,0.3953,0.3654,0.3875,8367645.0
1585094400000.0,0.3875,0.3875,0.3621,0.3726,5982315.96
1585180800000.0,0.3731,0.3871,0.3638,0.3853,4212322.46
1585267200000.0,0.3856,0.3907,0.3603,0.364,4257882.66
1585353600000.0,0.3637,0.371,0.3446,0.3615,5418923.22
1585440000000.0,0.36200000000000004,0.3638,0.345,0.34700000000000003,2929402.63
1585526400000.0,0.3466,0.3749,0.3464,0.3661,4366994.25
1585612800000.0,0.3661,0.3762,0.3619,0.3702,3077274.59
1585699200000.0,0.3703,0.3759,0.3556,0.3722,3891338.34
1585785600000.0,0.3728,0.4,0.3699,0.3785,6754069.01
1585872000000.0,0.3784,0.389,0.374,0.3817,6157790.35
1585958400000.0,0.3815,0.3996,0.3754,0.3926,7344931.98
1586044800000.0,0.3927,0.3963,0.3785,0.3817,4216411.23
1586131200000.0,0.3818,0.4359,0.3818,0.435,9688860.43
1586217600000.0,0.4355,0.4442,0.4058,0.4219,11558495.1
1586304000000.0,0.4219,0.46,0.4148,0.4515,8844792.58
1586390400000.0,0.4518,0.469,0.433,0.4485,7959813.3
1586476800000.0,0.44799999999999995,0.4485,0.3891,0.4011,11081997.34
1586563200000.0,0.4014,0.414,0.3928,0.4043,5345053.86
1586649600000.0,0.40399999999999997,0.4218,0.3958,0.4017,5211102.63
1586736000000.0,0.4016,0.4017,0.3795,0.3869,10052981.3
1586822400000.0,0.3868,0.3956,0.3807,0.3876,6377123.82
1586908800000.0,0.3878,0.3988,0.379,0.3802,4559029.97
1586995200000.0,0.3803,0.4203,0.3679,0.4113,10549329.44
1587081600000.0,0.4113,0.4139,0.4025,0.4053,4317867.96
1587168000000.0,0.4051,0.4295,0.4046,0.4218,5249025.0
1587254400000.0,0.4218,0.4248,0.4043,0.4095,4222632.29
1587340800000.0,0.4092,0.4245,0.3936,0.3977,11548228.38
1587427200000.0,0.397,0.4056,0.3924,0.3961,5405351.69
1587513600000.0,0.3959,0.4191,0.3926,0.4136,4613921.92
1587600000000.0,0.4137,0.4378,0.4094,0.4257,7615994.14
1587686400000.0,0.4255,0.4641,0.4244,0.4506,11371721.14
1587772800000.0,0.451,0.4839,0.4433,0.4609,9122380.7
1587859200000.0,0.4604,0.4983,0.4589,0.4932,14302709.56
1587945600000.0,0.4935,0.498,0.4508,0.4734,11337323.13
1588032000000.0,0.4731,0.4957,0.4574,0.4874,10495350.61
1588118400000.0,0.4875,0.5266,0.4818,0.517,16014794.12
1588204800000.0,0.517,0.5367,0.4716,0.4886,16143905.44
1588291200000.0,0.4882,0.5155,0.4877,0.501,8726378.7
1588377600000.0,0.5011,0.5088,0.4902,0.5066,6088155.92
1588464000000.0,0.5066,0.5149,0.47700000000000004,0.4873,8270965.71
1588550400000.0,0.4879,0.4903,0.4481,0.4804,10440757.94
1588636800000.0,0.4803,0.4895,0.4688,0.4754,8356712.43
1588723200000.0,0.4754,0.4903,0.4571,0.4589,7485727.29
1588809600000.0,0.4586,0.4885,0.4543,0.4798,8088752.71
1588896000000.0,0.4799,0.5287,0.4706,0.5155,11128629.84
1588982400000.0,0.5159,0.5348,0.4909,0.4912,10804036.82
1589068800000.0,0.4911,0.4918,0.401,0.4637,22298945.1
1589155200000.0,0.4637,0.4727,0.4224,0.4504,12880046.25
1589241600000.0,0.4501,0.4668,0.4478,0.4638,7645812.05
1589328000000.0,0.4636,0.4753,0.4573,0.4665,6189734.3
1589414400000.0,0.4667,0.4814,0.4578,0.4772,8943196.02
1589500800000.0,0.4772,0.4875,0.4622,0.4662,9977358.18
1589587200000.0,0.4665,0.4752,0.4626,0.4686,6808818.32
1589673600000.0,0.4682,0.4842,0.4666,0.47,5799922.29
1589760000000.0,0.47,0.4923,0.4682,0.4823,7090366.32
1589846400000.0,0.4826,0.4852,0.4679,0.4844,5551620.92
1589932800000.0,0.4848,0.5078,0.4726,0.4917,12765230.1
1590019200000.0,0.49200000000000005,0.4984,0.4496,0.46299999999999997,12359635.12
1590105600000.0,0.4633,0.534,0.4553,0.5165,22158696.75
1590192000000.0,0.5164,0.5225,0.4981,0.5001,9855592.1
1590278400000.0,0.5001,0.5113,0.4655,0.466,11165925.51
1590364800000.0,0.4663,0.4936,0.4621,0.4917,12366218.85
1590451200000.0,0.4919,0.5298,0.4745,0.5082,25381638.02
1590537600000.0,0.5081,0.5147,0.4968,0.5049,13989874.94
1590624000000.0,0.5045,0.5272,0.4971,0.5211,11330211.84
1590710400000.0,0.5211,0.5305,0.5082,0.5157,9193878.9
1590796800000.0,0.5155,0.5710000000000001,0.5094,0.5639,22802228.04
1590883200000.0,0.5639,0.5881,0.5392,0.5483,19816815.29
1590969600000.0,0.5483,0.6151,0.5448,0.599,27746138.56
1591056000000.0,0.5989,0.6346,0.5485,0.5985,20104668.5
1591142400000.0,0.5985,0.611,0.584,0.6034,9426544.42
1591228800000.0,0.6035,0.6134,0.5789,0.5985,10140732.8
1591315200000.0,0.5984,0.6023,0.569,0.5704,8370210.48
1591401600000.0,0.5702,0.5838,0.5589999999999999,0.5775,6201557.42
1591488000000.0,0.5772,0.5847,0.55,0.5729,6084421.84
1591574400000.0,0.5732,0.5793,0.5656,0.5744,5357787.61
1591660800000.0,0.5742,0.6084,0.5628,0.5982,13702153.62
1591747200000.0,0.5982,0.6148,0.5905,0.6052,21918839.51
1591833600000.0,0.6053,0.6075,0.5962,0.598,4936069.24
1591920000000.0,0.537,0.5672,0.5313,0.5566,7061037.34
1592006400000.0,0.5563,0.5796,0.55,0.574,7160665.36
1592092800000.0,0.574,0.575,0.5427,0.5489,6992627.45
1592179200000.0,0.549,0.5493,0.502,0.5395,17452826.64
1592265600000.0,0.5395,0.5635,0.5347,0.562,26019666.85
1592352000000.0,0.5626,0.5776,0.5523,0.5666,11319718.57
1592438400000.0,0.5665,0.5948,0.5611,0.5785,10735349.21
1592524800000.0,0.5786,0.5802,0.5582,0.5674,6953506.99
1592611200000.0,0.5678,0.5724,0.5491,0.5554,4047127.72
